student_id,age,gender,study_hours_per_week,attendance_pct,sleep_hours_per_day,extracurricular,previous_gpa,assignment_score,midterm_score,final_exam_score,final_score,cgpa,passed
S001,24,Female,15.8,94.0,5.1,1,3.3,75.6,62.5,60.3,64.0,3.03,1
S002,24,Female,7.8,66.5,6.5,0,2.59,62.1,60.7,55.9,58.6,2.74,1
S003,22,Female,18.5,78.6,7.0,1,3.07,88.0,80.0,72.8,78.0,3.28,1
S004,19,Male,19.6,77.8,7.4,0,3.25,95.9,79.2,78.9,82.4,3.18,1
S005,19,Male,2.3,67.1,7.5,1,1.74,64.2,43.8,38.0,45.0,1.74,0
S006,19,Male,6.2,75.3,7.6,0,2.03,60.8,47.8,51.1,52.0,1.9,1
S007,22,Female,14.8,77.0,6.5,0,2.55,71.2,72.0,78.1,74.9,2.67,1
S008,19,Male,12.1,68.6,6.3,0,2.52,58.8,59.7,61.1,60.2,2.51,1
S009,21,Male,13.9,70.9,7.7,0,3.1,74.8,60.2,71.4,68.7,3.08,1
S010,18,Male,8.9,75.2,6.6,0,2.37,60.0,47.6,37.0,44.8,2.07,0
S011,21,Female,19.3,88.4,5.5,1,3.13,84.8,78.0,75.6,78.2,3.06,1
S012,18,Female,18.7,86.2,5.7,0,3.68,82.3,86.9,68.1,76.6,3.22,1
S013,22,Female,14.4,72.6,5.9,1,2.87,74.0,68.2,55.4,63.0,2.71,1
S014,18,Male,20.8,86.6,7.3,0,3.6,94.9,81.8,74.6,80.8,3.35,1
S015,19,Male,16.8,81.0,6.9,0,2.8,81.5,75.6,69.2,73.6,2.8,1
S016,19,Male,8.8,72.1,7.5,1,2.61,62.6,66.9,61.6,63.4,2.49,1
S017,23,Male,16.2,85.5,6.4,1,2.76,75.0,73.2,59.3,66.6,2.71,1
S018,18,Male,8.2,71.4,7.0,0,2.53,53.7,52.8,52.5,52.8,2.19,1
S019,21,Female,19.3,87.9,7.4,0,3.56,84.4,87.4,74.4,80.3,3.27,1
S020,22,Female,13.7,76.9,6.5,1,2.35,73.7,69.5,61.7,66.4,2.69,1
S021,21,Female,12.9,77.5,7.3,1,3.06,81.3,76.8,71.5,75.0,2.91,1
S022,22,Male,9.9,76.3,6.1,1,2.83,66.9,59.2,59.4,60.8,2.56,1
S023,23,Male,21.3,75.4,6.4,0,3.16,93.8,73.8,92.4,87.1,3.47,1
S024,20,Female,13.1,73.5,6.4,0,2.41,69.7,55.5,61.6,61.4,2.72,1
S025,23,Male,11.4,70.4,5.6,1,2.85,62.4,71.9,52.4,60.2,2.56,1
S026,20,Male,11.9,69.8,7.3,1,2.67,64.4,76.0,59.3,65.3,2.61,1
S027,24,Male,17.2,78.7,6.3,0,3.23,77.6,72.3,74.1,74.3,3.16,1
S028,21,Female,16.2,89.9,6.8,0,3.1,91.5,69.5,71.8,75.0,3.23,1
S029,23,Female,16.5,73.7,7.3,0,3.67,74.9,83.8,63.0,71.6,3.25,1
S030,24,Male,16.6,86.7,7.2,1,3.03,85.4,65.9,72.5,73.1,2.96,1
